Feature,Importance
stock_on_hand,90.618133
day,35.855781
store_id_encoded,29.288415
product_id_encoded,28.851059
selling_price,19.115652
weekofyear,5.547609
rolling_mean_7,3.840745
dayofweek,3.465398
month,2.216967
rolling_std_7,2.021754
rolling_mean_28,1.427468
rolling_std_28,0.618623
rolling_std_14,0.413025
lag_7,0.40092
rolling_mean_14,0.229407
price_change,0.205235
price_margin,0.198541
cost_price,0.143277
lag_1,0.073719
category_encoded,0.03414
price_margin_ratio,0.028226
is_weekend,0.005586
lag_14,0.000321
quarter,0.0
is_promotion,0.0
supplier_lead_time_days,0.0
discount_percent,0.0
year,0.0
lag_28,0.0
store_location_encoded,0.0
